{
  "R2": 0.7490451755258727,
  "MAE": 0.6624797446630761,
  "RMSE": 0.8139285869553152
}